{
    "moment": [
        0.0,
        10.0,
        0.0
    ],
    "quaternion": [
        0.0,
        1.0,
        0.0,
        0.0
    ],
    "position": [
        0.0,
        0.0,
        0.0
    ],
    "propulsion": {
        "A": [
            0.2463907364779919,
            0.20047533416665167,
            0.19963144341455386
        ],
        "B": [
            0.1,
            0.0,
            0.0
        ],
        "C": [
            6.9836362589703,
            1.1539878672490023,
            1.2181219967949395
        ]
    }
}