omega,V
0.95833106154091,1.3162468579719881
1.9910359707267031,1.704015675924082
2.9977367383885443,3.1718009175445063
4.016638422259634,3.9479995059546926
5.019984355231928,4.781050024312816
6.022729422289677,5.500416711638884
6.97890738097013,6.409286493980771
8.014115898133198,7.27073794123309
9.018763707253676,8.35010342682733
10.03669732937355,5.943144731908095
11.01141867780568,4.36042385526698
