{
    "moment": [
        0.0,
        0.8373199831977615,
        0.0
    ],
    "quaternion": [
        0.0,
        1.0,
        0.0,
        0.0
    ],
    "position": [
        0.0,
        0.0,
        0.0
    ],
    "propulsion": {
        "A": [
            1.0117424713127408,
            0.7738600379294078,
            0.8382429638713417
        ],
        "B": [
            1.1942865571904262,
            0.0,
            0.0
        ],
        "C": [
            35.002805874730505,
            5.554375083824976,
            5.307682443153771
        ]
    }
}