{
    "moment": [
        0.0,
        10.0,
        0.0
    ],
    "quaternion": [
        0.0,
        1.0,
        0.0,
        0.0
    ],
    "position": [
        0.0,
        0.0,
        0.0
    ],
    "propulsion": {
        "A": [
            0.7841849546460216,
            0.5968810156846626,
            0.5923557479288976
        ],
        "B": [
            0.1,
            0.0,
            0.0
        ],
        "C": [
            22.025795799672753,
            3.265639750180792,
            3.370676920380975
        ]
    }
}