{
    "moment": [
        0.0,
        0.9322756705518463,
        0.0
    ],
    "quaternion": [
        0.0,
        1.0,
        0.0,
        0.0
    ],
    "position": [
        0.0,
        0.0,
        0.0
    ],
    "propulsion": {
        "A": [
            1.054784240094652,
            0.7858156250938115,
            0.8280646538265541
        ],
        "B": [
            1.0726441025840192,
            0.0,
            0.0
        ],
        "C": [
            30.71458741281161,
            5.476265143013173,
            5.675516290292762
        ]
    }
}