{
    "moment": [
        0.0,
        3.0710677687617207,
        0.0
    ],
    "quaternion": [
        0.0,
        1.0,
        0.0,
        0.0
    ],
    "position": [
        0.0,
        0.0,
        0.0
    ],
    "propulsion": {
        "A": [
            0.8022966441321436,
            0.6527870736225562,
            0.6500391995421412
        ],
        "B": [
            0.3256196460956666,
            0.0,
            0.0
        ],
        "C": [
            22.74009167106774,
            3.7576112093231315,
            3.9664445349771493
        ]
    }
}