{
    "moment": [
        0.0,
        1.5684164280448292,
        0.0
    ],
    "quaternion": [
        0.0,
        1.0,
        0.0,
        0.0
    ],
    "position": [
        0.0,
        0.0,
        0.0
    ],
    "propulsion": {
        "A": [
            0.8680154009411807,
            0.7095114773077486,
            0.7262776594962927
        ],
        "B": [
            0.6375857725786442,
            0.0,
            0.0
        ],
        "C": [
            27.643861301078772,
            4.512559686800955,
            4.440834178666764
        ]
    }
}