{
    "moment": [
        0.0,
        2.208546190436266,
        0.0
    ],
    "quaternion": [
        0.0,
        1.0,
        0.0,
        0.0
    ],
    "position": [
        0.0,
        0.0,
        0.0
    ],
    "propulsion": {
        "A": [
            0.834844582487919,
            0.6415566100535133,
            0.6907266028415036
        ],
        "B": [
            0.45278654543442654,
            0.0,
            0.0
        ],
        "C": [
            24.456773512390352,
            4.1319328062392096,
            4.314834871340571
        ]
    }
}