{
    "moment": [
        0.0,
        0.927892124488057,
        0.0
    ],
    "quaternion": [
        0.0,
        1.0,
        0.0,
        0.0
    ],
    "position": [
        0.0,
        0.0,
        0.0
    ],
    "propulsion": {
        "A": [
            0.9572815287997752,
            0.7756517124053026,
            0.743696288836896
        ],
        "B": [
            1.077711485644656,
            0.0,
            0.0
        ],
        "C": [
            33.07607256413548,
            5.106322522905688,
            5.219039080310302
        ]
    }
}