{
    "moment": [
        0.0,
        1.1736412482940326,
        0.0
    ],
    "quaternion": [
        0.0,
        1.0,
        0.0,
        0.0
    ],
    "position": [
        0.0,
        0.0,
        0.0
    ],
    "propulsion": {
        "A": [
            0.9161792236414267,
            0.7669095019368729,
            0.7617911472053548
        ],
        "B": [
            0.8520491261308071,
            0.0,
            0.0
        ],
        "C": [
            29.203840242109198,
            4.689430777421928,
            5.000074814026183
        ]
    }
}