{
    "moment": [
        0.0,
        6.576309767626199,
        0.0
    ],
    "quaternion": [
        0.0,
        1.0,
        0.0,
        0.0
    ],
    "position": [
        0.0,
        0.0,
        0.0
    ],
    "propulsion": {
        "A": [
            0.7755864771537228,
            0.6197118233733874,
            0.6170677149967603
        ],
        "B": [
            0.15206096356999352,
            0.0,
            0.0
        ],
        "C": [
            20.695134797816742,
            3.4753055525438348,
            3.6098347448366512
        ]
    }
}