{
    "moment": [
        0.0,
        6.656177009479932,
        0.0
    ],
    "quaternion": [
        0.0,
        1.0,
        0.0,
        0.0
    ],
    "position": [
        0.0,
        0.0,
        0.0
    ],
    "propulsion": {
        "A": [
            0.3384488299705708,
            0.275694106021096,
            0.26809642939023054
        ],
        "B": [
            0.15023638923300406,
            0.0,
            0.0
        ],
        "C": [
            8.8907384943167,
            1.0459700283239113,
            1.098493965769703
        ]
    }
}