{
    "moment": [
        0.0,
        10.0,
        0.0
    ],
    "quaternion": [
        0.0,
        1.0,
        0.0,
        0.0
    ],
    "position": [
        0.0,
        0.0,
        0.0
    ],
    "propulsion": {
        "A": [
            0.30683497669841964,
            0.24337041733983003,
            0.24719587285225625
        ],
        "B": [
            0.1,
            0.0,
            0.0
        ],
        "C": [
            7.807796229696255,
            0.9715821927824007,
            0.9758521027993518
        ]
    }
}